[{"elements":[{"element":{"id":"a798bab1-940c-47fa-b8f3-6713baa593b9"},"value":"Blog by John Doe!"},{"element":{"id":"6e8eccea-0d6b-4154-bf91-bb4d74dd03e5"},"value":"Pellentesque odio nisi, euismod in, pharetra a, ultricies in, diam. Sed arcu."},{"element":{"id":"74f849bf-cc31-4138-85fe-49b023394063"},"value":"© All rights reserved."},{"element":{"id":"91e1b282-c6f9-426a-9855-5b811f7cdc54"},"value":"httpa://mydomain.com/"},{"element":{"id":"ff4d4f1d-c0be-49cc-8cbe-ea2001e89a45"},"value":"You just hit a route that doesn't exist... the sadness."}],"workflow_step":{"id":"c199950d-99f0-4983-b711-6c4c91624b22"},"item":{"id":"289142d1-a74f-4a8d-ba85-2feb5d838724"},"language":{"id":"00000000-0000-0000-0000-000000000000"},"last_modified":"2020-03-14T11:38:12.9292709Z"},{"elements":[{"element":{"id":"625a9755-d509-4855-8879-3d24f36e28e3"},"value":[{"id":"0055a4fe-d41d-4775-b4a4-8da34d1e3165"},{"id":"2c468e25-2b08-446c-a514-48dc46359e30"},{"id":"aa6a6ce4-f8b2-449a-a8ea-e8e2233b1a6d"}]}],"workflow_step":{"id":"c199950d-99f0-4983-b711-6c4c91624b22"},"item":{"id":"1c1852ef-fe89-4120-89b0-fbf79754f9f1"},"language":{"id":"00000000-0000-0000-0000-000000000000"},"last_modified":"2020-09-01T07:24:01.854999Z"},{"elements":[{"element":{"id":"b32c3b40-b2c1-4548-844e-d536ee8af60b"},"value":"Articles"},{"mode":"custom","element":{"id":"7f056553-0b5b-4148-b9e7-f45997653b8e"},"value":"/"},{"element":{"id":"8617f619-10a2-47fb-bc4d-fa1597177109"},"value":[]}],"workflow_step":{"id":"c199950d-99f0-4983-b711-6c4c91624b22"},"item":{"id":"0055a4fe-d41d-4775-b4a4-8da34d1e3165"},"language":{"id":"00000000-0000-0000-0000-000000000000"},"last_modified":"2020-08-31T12:35:07.9892591Z"},{"elements":[{"element":{"id":"b32c3b40-b2c1-4548-844e-d536ee8af60b"},"value":"About me"},{"mode":"autogenerated","element":{"id":"7f056553-0b5b-4148-b9e7-f45997653b8e"},"value":"about-me"},{"element":{"id":"8617f619-10a2-47fb-bc4d-fa1597177109"},"value":[{"id":"e96de10c-6270-4ce1-809d-4ebaa114bee5"}]}],"workflow_step":{"id":"c199950d-99f0-4983-b711-6c4c91624b22"},"item":{"id":"2c468e25-2b08-446c-a514-48dc46359e30"},"language":{"id":"00000000-0000-0000-0000-000000000000"},"last_modified":"2020-08-31T12:35:00.5513204Z"},{"elements":[{"element":{"id":"b32c3b40-b2c1-4548-844e-d536ee8af60b"},"value":"Contact"},{"mode":"autogenerated","element":{"id":"7f056553-0b5b-4148-b9e7-f45997653b8e"},"value":"contact"},{"element":{"id":"8617f619-10a2-47fb-bc4d-fa1597177109"},"value":[{"id":"84b9150f-bf5b-4291-bb02-376add6f7bd8"}]}],"workflow_step":{"id":"c199950d-99f0-4983-b711-6c4c91624b22"},"item":{"id":"aa6a6ce4-f8b2-449a-a8ea-e8e2233b1a6d"},"language":{"id":"00000000-0000-0000-0000-000000000000"},"last_modified":"2020-08-31T12:34:53.1567157Z"},{"elements":[{"element":{"id":"e5f1ba6d-ed12-4b6a-837e-ea575eb70d7d"},"value":"John Doe"},{"element":{"id":"5aa814a3-c8ce-41a6-95ef-b5a9d40556c7"},"value":"Pellentesque odio nisi, euismod in, pharetra a, ultricies in, diam. Sed arcu."},{"element":{"id":"0392ac27-2225-4328-b761-0eb77da154a2"},"value":[{"id":"92326977-4e3f-4dda-9f52-c1e314e47f5f"}]},{"element":{"id":"aefcd006-ab0a-4fe1-82e6-8c35f13035f8"},"value":"#"},{"element":{"id":"8c9712b3-537c-439b-8150-e4cbaf7fafa4"},"value":"#"},{"element":{"id":"fd503842-5c70-4e25-ae7b-93de943b5031"},"value":"#"},{"element":{"id":"02571f3a-63ea-4b9b-b0ec-54916e2b6d64"},"value":"#"},{"element":{"id":"09bbb4fa-aa20-474c-9a9e-52e947faa843"},"value":"#"},{"element":{"id":"d34b6290-0842-4c7f-9ca8-e3f6aac53c7c"},"value":"#"}],"workflow_step":{"id":"c199950d-99f0-4983-b711-6c4c91624b22"},"item":{"id":"eedf0209-989c-4adb-bc83-546e325ab781"},"language":{"id":"00000000-0000-0000-0000-000000000000"},"last_modified":"2020-04-03T12:20:23.0450123Z"},{"elements":[{"element":{"id":"c851dd90-d897-4c31-b652-ad6f4b924f3f"},"value":"Perfecting the Art of Perfection"},{"element":{"id":"6b780443-1d56-498a-b48c-25d0da41f1df"},"value":"Quisque cursus, metus vitae pharetra auctor, sem massa mattis sem, at interdum magna augue eget diam. Vestibulum ante ipsum primis in faucibus orci luctus et ultrices posuere cubilia Curae; Morbi lacinia molestie dui. Praesent blandit dolor. Sed non quam. In vel mi sit amet augue congue elementum."},{"components":[],"element":{"id":"a0bcb5d6-8aa0-45aa-8d7e-6c296ad93549"},"value":"<p>Quisque cursus, metus vitae pharetra auctor, sem massa mattis sem, at interdum magna augue eget diam. Vestibulum ante ipsum primis in faucibus orci luctus et ultrices posuere cubilia Curae; Morbi lacinia molestie dui. Praesent blandit dolor. Sed non quam. In vel mi sit amet augue congue elementum.</p>\n<figure data-asset-id=\"719417e9-4c86-49ff-b127-b3cb06c4a179\"><img src=\"#\" data-asset-id=\"719417e9-4c86-49ff-b127-b3cb06c4a179\"></figure>\n<p>Pellentesque habitant morbi tristique senectus et netus et malesuada fames ac turpis egestas. Vestibulum tortor quam, feugiat vitae, ultricies eget, tempor sit amet, ante. Donec eu libero sit amet quam egestas semper. Aenean ultricies mi vitae est. Mauris placerat eleifend leo. Quisque sit amet est et sapien ullamcorper pharetra. Vestibulum erat wisi, condimentum sed, commodo vitae, ornare sit amet, wisi. Aenean fermentum, elit eget tincidunt condimentum, eros ipsum rutrum orci, sagittis tempus lacus enim ac dui. Donec non enim in turpis pulvinar facilisis. Ut felis.&nbsp;</p>\n<p><br/></p>\n<p>Praesent dapibus, neque id cursus faucibus, tortor neque egestas augue, eu vulputate magna eros eu erat. Aliquam erat volutpat. Nam dui mi, tincidunt quis, accumsan porttitor, facilisis luctus, metus.</p>"},{"element":{"id":"29d0c15f-9b3f-4211-be9d-18c8819bfe77"},"value":"2020-03-14T00:00:00Z"},{"element":{"id":"b8fc87c2-5f89-4b12-984e-3cdc4382f3e0"},"value":[{"id":"e117a7d3-b1fa-4a27-99e3-4a457b51ac65"}]},{"element":{"id":"0e1a80dc-0768-458b-8039-dcdcad7fca16"},"value":[{"id":"3fd30cd9-476c-46b7-80b4-c53bb68e095a"},{"id":"c61aac16-c928-4a6c-b52e-50540be25bb5"}]},{"mode":"autogenerated","element":{"id":"0bc7d2a4-1d6a-4e47-93bb-0bf8a2422b0c"},"value":"perfecting-the-art-of-perfection"}],"workflow_step":{"id":"c199950d-99f0-4983-b711-6c4c91624b22"},"item":{"id":"2ddb7214-5683-449a-9818-a96cce895ef5"},"language":{"id":"00000000-0000-0000-0000-000000000000"},"last_modified":"2020-08-31T12:59:11.4983347Z"},{"elements":[{"element":{"id":"c851dd90-d897-4c31-b652-ad6f4b924f3f"},"value":"The Origins of Social Stationery Lettering"},{"element":{"id":"6b780443-1d56-498a-b48c-25d0da41f1df"},"value":"Pellentesque habitant morbi tristique senectus et netus et malesuada fames ac turpis egestas. Vestibulum tortor quam, feugiat vitae, ultricies eget, tempor sit amet, ante."},{"components":[],"element":{"id":"a0bcb5d6-8aa0-45aa-8d7e-6c296ad93549"},"value":"<p><strong>Pellentesque habitant morbi tristique </strong>senectus et netus et malesuada fames ac turpis egestas. Vestibulum tortor quam, feugiat vitae, ultricies eget, tempor sit amet, ante. Donec eu libero sit amet quam egestas semper. *Aenean ultricies mi vitae est.* Mauris placerat eleifend leo. Quisque sit amet est et sapien ullamcorper pharetra.&nbsp;</p>\n<p>Vestibulum erat wisi, condimentum sed, commodo vitae, ornare sit amet, wisi. Aenean fermentum, elit eget tincidunt condimentum, eros ipsum rutrum orci, sagittis tempus lacus enim ac dui. &nbsp;[Donec non enim](#) in turpis pulvinar facilisis.</p>\n<figure data-asset-id=\"8102580b-d5b5-43d1-931e-25e2405eb0d0\"><img src=\"#\" data-asset-id=\"8102580b-d5b5-43d1-931e-25e2405eb0d0\"></figure>\n<h2>Header Level 2</h2>\n<ul>\n  <li>Lorem ipsum dolor sit amet, consectetuer adipiscing elit.</li>\n  <li>Aliquam tincidunt mauris eu risus.</li>\n</ul>\n<p>Donec non enim in turpis pulvinar facilisis. Ut felis. Praesent dapibus, neque id cursus faucibus, tortor neque egestas augue, eu vulputate magna eros eu erat. Aliquam erat volutpat.&nbsp;</p>\n<h3>Header Level 3</h3>\n<p>Pellentesque habitant morbi tristique senectus et netus et malesuada fames ac turpis egestas. Vestibulum tortor quam, feugiat vitae, ultricies eget, tempor sit amet, ante. Donec eu libero sit amet quam egestas semper. Aenean ultricies mi vitae est. Mauris placerat eleifend leo. Quisque sit amet est et sapien ullamcorper pharetra.</p>\n<p><code>#header h1 a {<br/>\n &nbsp;display: block;<br/>\n &nbsp;width: 300px;<br/>\n &nbsp;height: 80px;</code></p>\n<p>Vestibulum erat wisi, condimentum sed, commodo vitae, ornare sit amet, wisi. Aenean fermentum, elit eget tincidunt condimentum, eros ipsum rutrum orci, sagittis tempus lacus enim ac dui. Donec non enim in turpis pulvinar facilisis. Ut felis. Praesent dapibus, neque id cursus faucibus, tortor neque egestas augue, eu vulputate magna eros eu erat. Aliquam erat volutpat. Nam dui mi, tincidunt quis, accumsan porttitor, facilisis luctus, metus.</p>"},{"element":{"id":"29d0c15f-9b3f-4211-be9d-18c8819bfe77"},"value":"2020-03-25T00:00:00Z"},{"element":{"id":"b8fc87c2-5f89-4b12-984e-3cdc4382f3e0"},"value":[{"id":"e117a7d3-b1fa-4a27-99e3-4a457b51ac65"}]},{"element":{"id":"0e1a80dc-0768-458b-8039-dcdcad7fca16"},"value":[{"id":"a5493747-1e32-4c58-820c-65819e230c94"},{"id":"56537a40-9a47-4139-9c4a-a7a014b37a77"},{"id":"bd94c620-15e4-48a9-aaa6-365552672685"}]},{"mode":"autogenerated","element":{"id":"0bc7d2a4-1d6a-4e47-93bb-0bf8a2422b0c"},"value":"the-origins-of-social-stationery-lettering"}],"workflow_step":{"id":"c199950d-99f0-4983-b711-6c4c91624b22"},"item":{"id":"3e29b993-8840-48a1-956f-438e1ac9e102"},"language":{"id":"00000000-0000-0000-0000-000000000000"},"last_modified":"2020-08-31T12:59:21.8709565Z"},{"elements":[{"element":{"id":"c851dd90-d897-4c31-b652-ad6f4b924f3f"},"value":"A Brief History of Typography"},{"element":{"id":"6b780443-1d56-498a-b48c-25d0da41f1df"},"value":"Morbi in sem quis dui placerat ornare. Pellentesque odio nisi, euismod in, pharetra a, ultricies in, diam. Sed arcu. Cras consequat."},{"components":[],"element":{"id":"a0bcb5d6-8aa0-45aa-8d7e-6c296ad93549"},"value":"<p><strong>Pellentesque habitant morbi tristique</strong> senectus et netus et malesuada fames ac turpis egestas. Vestibulum tortor quam, feugiat vitae, ultricies eget, tempor sit amet, ante. Donec eu libero sit amet quam egestas semper. <em>Aenean ultricies mi vitae est</em>. Mauris placerat eleifend leo. Quisque sit amet est et sapien ullamcorper pharetra.&nbsp;</p>\n<p>Vestibulum erat wisi, condimentum sed, commodo vitae, ornare sit amet, wisi. Aenean fermentum, elit eget tincidunt condimentum, eros ipsum rutrum orci, sagittis tempus lacus enim ac dui. &nbsp;Donec non enim in turpis pulvinar facilisis.</p>\n<figure data-asset-id=\"49f97c9c-b1a1-41df-972d-2449744ae1cc\"><img src=\"#\" data-asset-id=\"49f97c9c-b1a1-41df-972d-2449744ae1cc\"></figure>\n<h2>Header Level 2</h2>\n<ul>\n  <li>&nbsp;Lorem ipsum dolor sit amet, consectetuer adipiscing elit.&nbsp;</li>\n  <li>Aliquam tincidunt mauris eu risus.</li>\n</ul>\n<p>Donec non enim in turpis pulvinar facilisis. Ut felis. Praesent dapibus, neque id cursus faucibus, tortor neque egestas augue, eu vulputate magna eros eu erat. Aliquam erat volutpat.&nbsp;</p>\n<h3>Header Level 3</h3>\n<ul>\n  <li>Lorem ipsum dolor sit amet, consectetuer adipiscing elit.</li>\n  <li>Aliquam tincidunt mauris eu risus.</li>\n</ul>\n<p>Pellentesque habitant morbi tristique senectus et netus et malesuada fames ac turpis egestas. Vestibulum tortor quam, feugiat vitae, ultricies eget, tempor sit amet, ante. Donec eu libero sit amet quam egestas semper. Aenean ultricies mi vitae est. Mauris placerat eleifend leo. Quisque sit amet est et sapien ullamcorper pharetra.</p>\n<p>Vestibulum erat wisi, condimentum sed, commodo vitae, ornare sit amet, wisi. Aenean fermentum, elit eget tincidunt condimentum, eros ipsum rutrum orci, sagittis tempus lacus enim ac dui. Donec non enim in turpis pulvinar facilisis. Ut felis. Praesent dapibus, neque id cursus faucibus, tortor neque egestas augue, eu vulputate magna eros eu erat. Aliquam erat volutpat. Nam dui mi, tincidunt quis, accumsan porttitor, facilisis luctus, metus.</p>"},{"element":{"id":"29d0c15f-9b3f-4211-be9d-18c8819bfe77"},"value":"2020-03-18T00:00:00Z"},{"element":{"id":"b8fc87c2-5f89-4b12-984e-3cdc4382f3e0"},"value":[{"id":"e117a7d3-b1fa-4a27-99e3-4a457b51ac65"}]},{"element":{"id":"0e1a80dc-0768-458b-8039-dcdcad7fca16"},"value":[{"id":"a5493747-1e32-4c58-820c-65819e230c94"},{"id":"3fd30cd9-476c-46b7-80b4-c53bb68e095a"},{"id":"8ac23391-217b-4de3-a247-12bfd3c4955c"}]},{"mode":"autogenerated","element":{"id":"0bc7d2a4-1d6a-4e47-93bb-0bf8a2422b0c"},"value":"a-brief-history-of-typography"}],"workflow_step":{"id":"c199950d-99f0-4983-b711-6c4c91624b22"},"item":{"id":"337da352-0a24-4e03-b051-f0e119f53b2c"},"language":{"id":"00000000-0000-0000-0000-000000000000"},"last_modified":"2021-08-13T08:34:39.3434537Z"},{"elements":[{"element":{"id":"c851dd90-d897-4c31-b652-ad6f4b924f3f"},"value":"Humane Typography in the Digital Age"},{"element":{"id":"6b780443-1d56-498a-b48c-25d0da41f1df"},"value":"An Essay on Typography by Eric Gill takes the reader back to the year 1930. The year when a conflict between two worlds came to its term. The machines of the industrial world finally took over the handicrafts."},{"components":[],"element":{"id":"a0bcb5d6-8aa0-45aa-8d7e-6c296ad93549"},"value":"<p>An Essay on Typography by Eric Gill takes the reader back to the year 1930. The year when a conflict between two worlds came to its term. The machines of the industrial world finally took over the handicrafts.</p>\n<p>The typography of this industrial age was no longer handcrafted. Mass production and profit became more important. Quantity mattered more than the quality. The books and printed works in general lost a part of its humanity. The typefaces were not produced by craftsmen anymore. It was the machines printing and tying the books together now. The craftsmen had to let go of their craft and became a cog in the process. An extension of the industrial machine.</p>\n<p>But the victory of the industrialism didn’t mean that the craftsmen were completely extinct. The two worlds continued to coexist independently. Each recognising the good in the other — the power of industrialism and the humanity of craftsmanship. This was the second transition that would strip typography of a part of its humanity. We have to go 500 years back in time to meet the first one.</p>\n<h2>The first transition</h2>\n<p>A similar conflict emerged after the invention of the first printing press in Europe. Johannes Gutenberg invented movable type and used it to produce different compositions. His workshop could print up to 240 impressions per hour. Until then, the books were being copied by hand. All the books were handwritten and decorated with hand drawn ornaments and figures. A process of copying a book was long but each book, even a copy, was a work of art.</p>\n<p>The first printed books were, at first, perceived as inferior to the handwritten ones. They were smaller and cheaper to produce. Movable type provided the printers with flexibility that allowed them to print books in languages other than Latin. Gill describes the transition to industrialism as something that people needed and wanted. Something similar happened after the first printed books emerged. People wanted books in a language they understood and they wanted books they could take with them. They were hungry for knowledge and printed books satisfied this hunger.</p>\n<figure data-asset-id=\"62666839-dcda-49df-b8b1-1bb599eb9d66\"><img src=\"#\" data-asset-id=\"62666839-dcda-49df-b8b1-1bb599eb9d66\"></figure>\n<p><em>The 42–Line Bible, printed by Gutenberg.</em></p>\n<p>But, through this transition, the book lost a large part of its humanity. The machine took over most of the process but craftsmanship was still a part of it. The typefaces were cut manually by the first punch cutters. The paper was made by hand. The illustrations and ornaments were still being hand drawn. These were the remains of the craftsmanship that went almost extinct in the times of Eric Gill.</p>\n<h2>The digital age</h2>\n<p>The first transition took away a large part of humanity from written communication. Industrialisation, the second transition described by Eric Gill, took away most of what was left. But it’s the third transition that stripped it naked. Typefaces are faceless these days. They’re just fonts on our computers. Hardly anyone knows their stories. Hardly anyone cares. Flicking through thousands of typefaces and finding the “right one” is a matter of minutes.</p>\n<p><em>In the new computer age the proliferation of typefaces and type manipulations represents a new level of visual pollution threatening our culture. Out of thousands of typefaces, all we need are a few basic ones, and trash the rest.</em></p>\n<p>— Massimo Vignelli</p>\n<p>Typography is not about typefaces. It’s not about what looks best, it’s about what feels right. What communicates the message best. Typography, in its essence, is about the message. “Typographical design should perform optically what the speaker creates through voice and gesture of his thoughts.”, as El Lissitzky, a famous Russian typographer, put it.</p>\n<h2>Loss of humanity through transitions</h2>\n<p>Each transition took away a part of humanity from written language. Handwritten books being the most humane form and the digital typefaces being the least. Overuse of Helvetica is a good example. Messages are being told in a typeface just because it’s a safe option. It’s always there. Everyone knows it but yet, nobody knows it. Stop someone on the street and ask him what Helvetica is? Ask a designer the same question. Ask him where it came from, when, why and who designed it. Most of them will fail to answer these questions. Most of them used it in their precious projects but they still don’t spot it in the street.</p>\n<p><em>Knowledge of the quality of a typeface is of the greatest importance for the functional, aesthetic and psychological effect.</em></p>\n<p>— Josef Mueller-Brockmann</p>\n<p>Typefaces don’t look handmade these days. And that’s all right. They don’t have to. Industrialism took that away from them and we’re fine with it. We’ve traded that part of humanity for a process that produces more books that are easier to read. That can’t be bad. And it isn’t.</p>\n<p><em>&nbsp;Humane typography will often be comparatively rough and even uncouth; but while a certain uncouthness does not seriously matter in humane works, uncouthness has no excuse whatever in the productions of the machine.</em></p>\n<p>— Eric Gill</p>\n<p>We’ve come close to “perfection” in the last five centuries. The letters are crisp and without rough edges. We print our compositions with high–precision printers on a high quality, machine made paper.</p>\n<figure data-asset-id=\"c57b89bd-1939-4493-bcfe-db0a5bac1e42\"><img src=\"#\" data-asset-id=\"c57b89bd-1939-4493-bcfe-db0a5bac1e42\"></figure>\n<p><em>Type through 5 centuries.</em></p>\n<p>We lost a part of ourselves because of this chase after perfection. We forgot about the craftsmanship along the way. And the worst part is that we don’t care. The transition to the digital age made that clear. We choose typefaces like clueless zombies. There’s no meaning in our work. Type sizes, leading, margins… It’s all just a few clicks or lines of code. The message isn’t important anymore. There’s no more “why” behind the “what”.</p>\n<h2>&nbsp;Chasing perfection</h2>\n<p>Human beings aren’t perfect. Perfection is something that will always elude us. There will always be a small part of humanity in everything we do. No matter how small that part, we should make sure that it transcends the limits of the medium. We have to think about the message first. What typeface should we use and why? Does the typeface match the message and what we want to communicate with it? What will be the leading and why? Will there be more typefaces in our design? On what ground will they be combined? What makes our design unique and why? This is the part of humanity that is left in typography. It might be the last part. Are we really going to give it up?</p>\n<p><strong>Originally published by </strong><a href=\"http://matejlatin.co.uk/\" data-new-window=\"true\"><strong>Matej Latin </strong></a><strong>on </strong><a href=\"https://medium.com/design-notes/humane-typography-in-the-digital-age-9bd5c16199bd?ref=webdesignernews.com#.lygo82z0x\" data-new-window=\"true\"><strong>Medium</strong></a><strong>.</strong></p>"},{"element":{"id":"29d0c15f-9b3f-4211-be9d-18c8819bfe77"},"value":"2020-03-03T00:00:00Z"},{"element":{"id":"b8fc87c2-5f89-4b12-984e-3cdc4382f3e0"},"value":[{"id":"6fde255d-680b-4470-8ab4-1472afb658d8"}]},{"element":{"id":"0e1a80dc-0768-458b-8039-dcdcad7fca16"},"value":[{"id":"8ac23391-217b-4de3-a247-12bfd3c4955c"},{"id":"7ab02f21-82bf-496b-9dc1-c89bb49d6155"},{"id":"754b163a-9435-475c-b44a-83b9a0a80e78"}]},{"mode":"autogenerated","element":{"id":"0bc7d2a4-1d6a-4e47-93bb-0bf8a2422b0c"},"value":"humane-typography-in-the-digital-age"}],"workflow_step":{"id":"c199950d-99f0-4983-b711-6c4c91624b22"},"item":{"id":"b82d4fe3-ec1e-44b4-a05d-37b33cb23a28"},"language":{"id":"00000000-0000-0000-0000-000000000000"},"last_modified":"2020-08-31T12:58:44.3188559Z"},{"elements":[{"element":{"id":"c851dd90-d897-4c31-b652-ad6f4b924f3f"},"value":"Lidská typografie v digitálním věku"},{"element":{"id":"6b780443-1d56-498a-b48c-25d0da41f1df"},"value":"Esej o typografii Eric Gill vezme čtenáře zpět do roku 1930. Rok, kdy došlo ke konfliktu mezi dvěma světy. Stroje průmyslového světa nakonec převzaly řemesla."},{"components":[],"element":{"id":"a0bcb5d6-8aa0-45aa-8d7e-6c296ad93549"},"value":"<p>Esej o typografii Eric Gill vezme čtenáře zpět do roku 1930. Rok, kdy došlo ke konfliktu mezi dvěma světy. Stroje průmyslového světa nakonec převzaly řemesla.</p>\n<p>Typografie tohoto průmyslového věku již nebyla ručně vyráběna. Důležitější byla masová produkce a zisk. Na množství záleželo více než na kvalitě. Knihy a tištěná díla obecně ztratily část své lidskosti. Řemeslné písmo už nevyráběly. Byly to stroje, které nyní tiskly a svázaly knihy dohromady. Řemeslníci museli opustit své řemeslo a během procesu se stali zubáčem. Rozšíření průmyslového stroje.</p>\n<p>Vítězství industrialismu však neznamenalo, že řemeslníci byli úplně vyhynuli. Oba světy nadále existovaly nezávisle. Každý uznává dobro v druhém - sílu industrialismu a lidskost řemesla. To byl druhý přechod, který by odstranil typografii části jeho lidskosti. Musíme se vrátit o 500 let zpět, abychom se setkali s prvním.</p>\n<h2>První přechod</h2>\n<p>Podobný konflikt se objevil po vynálezu prvního tiskařského lisu v Evropě. Johannes Gutenberg vynalezl pohyblivý typ a použil jej k výrobě různých kompozic. Jeho dílna mohla vytisknout až 240 otisků za hodinu. Do té doby byly knihy kopírovány ručně. Všechny knihy byly ručně psané a zdobené ručně kreslenými ornamenty a postavami. Proces kopírování knihy byl dlouhý, ale každá kniha, dokonce i kopie, byla uměleckým dílem.</p>\n<p>První tištěné knihy byly zpočátku vnímány jako horší než knihy psané rukou. Byly menší a levnější na výrobu. Pohyblivý typ poskytoval tiskárnám flexibilitu, která jim umožňovala tisk knih v jiných jazycích než latině. Gill popisuje přechod k industrialismu jako něco, co lidé potřebovali a chtěli. Něco podobného se stalo poté, co se objevily první tištěné knihy. Lidé chtěli knihy v jazyce, kterému rozuměli, a chtěli knihy, které si mohli vzít s sebou. Měli hlad po znalostech a tištěné knihy tento hlad uspokojily.</p>\n<figure data-asset-id=\"62666839-dcda-49df-b8b1-1bb599eb9d66\"><img src=\"#\" data-asset-id=\"62666839-dcda-49df-b8b1-1bb599eb9d66\"></figure>\n<p><em>42-řádková bible, tištěná Gutenbergem.</em></p>\n<p>Touto přeměnou však kniha ztratila velkou část lidstva. Stroj převzal většinu procesu, ale řemeslo bylo stále součástí. Písma byla ručně oříznuta prvními děrovači. Papír byl vyroben ručně. Ilustrace a ozdoby byly stále kresleny ručně. Byly to pozůstatky řemeslné výroby, které v době Erica Gilla téměř zanikly.</p>\n<h2>Digitální věk</h2>\n<p>První přechod odnesl velkou část lidstva od písemné komunikace. Industrializace, druhý přechod popsaný Ericem Gillem, odstranila většinu zbývajícího. Ale je to třetí přechod, který to nahý zbavil. Písma jsou dnes bez tváře. Na našich počítačích jsou jen fonty. Málokdo zná jejich příběhy. Málokdo se stará. Listování tisíci písmy a nalezení toho správného je otázkou několika minut.</p>\n<p><em>V novém počítačovém věku představuje šíření písma a manipulace s typem novou úroveň vizuálního znečištění ohrožujícího naši kulturu. Z tisíců písma potřebujeme jen několik základních a zbytek smetíme.</em></p>\n<p>— Massimo Vignelli</p>\n<p>Typografie není o písmech. Nejde o to, co vypadá nejlépe, ale o to, co se cítí dobře. Co sděluje zprávu nejlépe. Typografie je ve své podstatě o poselství. „Typografický design by měl opticky vykonávat to, co reproduktor vytváří hlasem a gestem jeho myšlenek.“, Uvedl El Lissitzky, slavný ruský typograf.</p>\n<h2>Ztráta lidstva přechodem</h2>\n<p>Každý přechod odnesl část lidstva z psaného jazyka. Ručně psané knihy jsou nejhumánnější formou a digitální písma jsou nejméně. Nadužívání Helvetica je dobrým příkladem. Zprávy jsou psány v písmu jen proto, že je to bezpečná volba. Je to vždy tam. Každý to ví, ale nikdo to neví. Zastavte někoho na ulici a zeptejte se ho, co je Helvetica? Zeptejte se návrháře stejnou otázku. Zeptejte se ho, odkud přišlo, kdy, proč a kdo to navrhl. Většina z nich na tyto otázky neodpoví. Většina z nich to použila ve svých drahocenných projektech, ale na ulici ji stále nevnímají.</p>\n<p><em>Znalost kvality písma má největší význam pro funkční, estetický a psychologický účinek.</em></p>\n<p>— Josef Mueller-Brockmann</p>\n<p>Písma dnes nevypadají ručně. A to je v pořádku. Nemusejí. Industrialismus to od nich vzal a my jsme v pohodě. Tuto část lidstva jsme vyměnili za proces, který vytváří více knih, které jsou snáze čitelné. To nemůže být špatné. A není to tak.</p>\n<p><em>Humánní typografie bude často poměrně drsná, ba dokonce nevypočitatelná; ale zatímco jistá nevědomost v humánních pracích nezáleží vážně, nevědomost nemá při výrobě stroje žádnou omluvu.</em></p>\n<p>— Eric Gill</p>\n<p>Během posledních pěti století jsme se přiblížili „dokonalosti“. Dopisy jsou ostré a bez drsných hran. Naše kompozice tiskneme pomocí vysoce přesných tiskáren na vysoce kvalitní strojně vyrobený papír.</p>\n<figure data-asset-id=\"c57b89bd-1939-4493-bcfe-db0a5bac1e42\"><img src=\"#\" data-asset-id=\"c57b89bd-1939-4493-bcfe-db0a5bac1e42\"></figure>\n<p><em>Písmo &nbsp;v průběhu 5 století.</em></p>\n<p>Ztratili jsme část sebe kvůli této honbě po dokonalosti. Cestou jsme zapomněli na řemeslné zpracování. A nejhorší na tom je, že nám je to jedno. Přechod na digitální věk to objasnil. Vybereme písma jako bezradné zombie. V naší práci nemá smysl. Typ velikosti, úvodní, okraje ... Všechno je to jen pár kliknutí nebo řádků kódu. Zpráva už není důležitá. Za „co“ už není „proč“.</p>\n<h2>Stíhání dokonalosti</h2>\n<p>Lidské bytosti nejsou dokonalé. Dokonalost je něco, co nám vždy unikne. Ve všem, co děláme, bude vždy malá část lidstva. Bez ohledu na to, jak malá je tato část, měli bychom se ujistit, že překračuje limity média. Nejprve musíme myslet na zprávu. Jaké písmo bychom měli použít a proč? Odpovídá písmo zprávě a tomu, co s ní chceme komunikovat? Co bude vedoucí a proč? Bude v našem designu více typů písma? Z jakého důvodu budou kombinovány? Co dělá náš design jedinečným a proč? To je část lidstva, která zůstává v typografii. Může to být poslední část. Opravdu se toho vzdáme?</p>\n<p><strong>Strojově přeloženo do jazyka: čeština<br/>\nPůvodní text od </strong><a href=\"http://matejlatin.co.uk/\" data-new-window=\"true\"><strong>Matej Latin </strong></a><strong>- </strong><a href=\"https://medium.com/design-notes/humane-typography-in-the-digital-age-9bd5c16199bd?ref=webdesignernews.com#.lygo82z0x\" data-new-window=\"true\"><strong>Medium</strong></a><strong>.</strong></p>"},{"element":{"id":"29d0c15f-9b3f-4211-be9d-18c8819bfe77"},"value":"2020-03-23T00:00:00Z"},{"element":{"id":"b8fc87c2-5f89-4b12-984e-3cdc4382f3e0"},"value":[{"id":"6fde255d-680b-4470-8ab4-1472afb658d8"}]},{"element":{"id":"0e1a80dc-0768-458b-8039-dcdcad7fca16"},"value":[{"id":"8ac23391-217b-4de3-a247-12bfd3c4955c"},{"id":"7ab02f21-82bf-496b-9dc1-c89bb49d6155"},{"id":"754b163a-9435-475c-b44a-83b9a0a80e78"}]},{"mode":"autogenerated","element":{"id":"0bc7d2a4-1d6a-4e47-93bb-0bf8a2422b0c"},"value":""}],"workflow_step":{"id":"c199950d-99f0-4983-b711-6c4c91624b22"},"item":{"id":"b82d4fe3-ec1e-44b4-a05d-37b33cb23a28"},"language":{"id":"004c598f-c4ec-4d5f-8717-853e104a2a8e"},"last_modified":"2020-03-23T12:42:52.3236569Z"},{"elements":[{"element":{"id":"c851dd90-d897-4c31-b652-ad6f4b924f3f"},"value":"Upgraded to Gatsby v3"},{"element":{"id":"6b780443-1d56-498a-b48c-25d0da41f1df"},"value":"This starter has been forked and upgraded to Gatsby v3!"},{"components":[],"element":{"id":"a0bcb5d6-8aa0-45aa-8d7e-6c296ad93549"},"value":"<p>This is a Gatsby v3 compatible version of the <a href=\"https://github.com/alxshelepenok/gatsby-starter-lumen\" data-new-window=\"true\">lumen</a> starter, started by the folks at <a href=\"https://www.gatsbycentral.com/\" data-new-window=\"true\">Gatsby Centra</a>l.</p>\n<p>Here's a little recommended reading for Gatsby v3.</p>\n<ul>\n  <li>First, <a href=\"https://www.gatsbyjs.com/docs/reference/release-notes/migrating-from-v2-to-v3\">what's new in v3</a></li>\n  <li><a href=\"https://www.gatsbyjs.com/blog/gatsby-v3/\">The Gatsby v2 announcement blog post</a></li>\n</ul>\n<p>If you <strong>do decide to upgrade</strong>, these articles will help you do that.</p>\n<ul>\n  <li><a href=\"https://www.gatsbyjs.com/docs/reference/release-notes/migrating-from-v2-to-v3#updating-your-dependencies\">Updating Your Dependencies</a></li>\n  <li><a href=\"https://www.gatsbyjs.com/docs/reference/release-notes/migrating-from-v2-to-v3#handling-breaking-changes\">Handling Breaking Changes</a></li>\n  <li><a href=\"https://www.gatsbyjs.com/docs/reference/release-notes/migrating-from-v2-to-v3#future-breaking-changes\">Future Breaking Changes</a></li>\n  <li><a href=\"https://www.gatsbyjs.com/docs/reference/release-notes/migrating-from-v2-to-v3#for-plugin-maintainers\">For Plugin Maintainers</a></li>\n  <li><a href=\"https://www.gatsbyjs.com/docs/reference/release-notes/migrating-from-v2-to-v3#known-issues\">Known Issues</a></li>\n</ul>\n<p>Enjoy!</p>"},{"element":{"id":"29d0c15f-9b3f-4211-be9d-18c8819bfe77"},"value":"2020-07-31T00:00:00Z"},{"element":{"id":"b8fc87c2-5f89-4b12-984e-3cdc4382f3e0"},"value":[{"id":"92b8911b-4645-4987-85d6-fea6f52867ef"}]},{"element":{"id":"0e1a80dc-0768-458b-8039-dcdcad7fca16"},"value":[{"id":"08925c05-906a-49ee-be3a-6f3647b32cf0"},{"id":"3e51250a-6bb3-45a5-bde5-9371547050f2"},{"id":"754b163a-9435-475c-b44a-83b9a0a80e78"}]},{"mode":"autogenerated","element":{"id":"0bc7d2a4-1d6a-4e47-93bb-0bf8a2422b0c"},"value":"upgraded-to-gatsby-v3"}],"workflow_step":{"id":"c199950d-99f0-4983-b711-6c4c91624b22"},"item":{"id":"5927f3d3-4fcb-4e2c-8d12-a2954339a87d"},"language":{"id":"00000000-0000-0000-0000-000000000000"},"last_modified":"2021-08-16T17:34:24.4384786Z"},{"elements":[{"element":{"id":"6e23a0f4-0581-4686-907a-328431aa913d"},"value":"About me!"},{"element":{"id":"6969a663-4886-4e65-8947-d1d26db34fe2"},"value":"Pellentesque habitant morbi tristique senectus et netus et malesuada fames ac turpis egestas. Vestibulum tortor quam, feugiat vitae, ultricies eget, tempor sit amet, ante."},{"components":[],"element":{"id":"066563f9-fab3-4352-9215-a9bc3750ef6b"},"value":"<p>Pellentesque habitant morbi tristique senectus et netus et malesuada fames ac turpis egestas. Vestibulum tortor quam, feugiat vitae, ultricies eget, tempor sit amet, ante.</p>\n<figure data-asset-id=\"4821a971-9109-47f3-a8df-da3408a96877\"><img src=\"#\" data-asset-id=\"4821a971-9109-47f3-a8df-da3408a96877\"></figure>\n<p><em>Donec eu libero sit amet quam egestas semper. Aenean ultricies mi vitae est. Mauris placerat eleifend leo. Quisque sit amet est et sapien ullamcorper pharetra. Vestibulum erat wisi, condimentum sed, commodo vitae, ornare sit amet, wisi.</em></p>\n<p>Aenean fermentum, elit eget tincidunt condimentum, eros ipsum rutrum orci, sagittis tempus lacus enim ac dui. Donec non enim in turpis pulvinar facilisis. Ut felis. Praesent dapibus, neque id cursus faucibus, tortor neque egestas augue, eu vulputate magna eros eu erat. Aliquam erat volutpat. Nam dui mi, tincidunt quis, accumsan porttitor, facilisis luctus, metus.</p>\n<p>Suspendisse pulvinar, augue ac venenatis condimentum, sem libero volutpat nibh, nec pellentesque velit pede quis nunc. Mauris sollicitudin fermentum libero.</p>"},{"element":{"id":"13c222ad-f29d-42a0-80d5-7ed90eae4212"},"value":[{"id":"4f759cc9-0d71-45a8-bbc7-45d0c72ed00f"}]}],"workflow_step":{"id":"c199950d-99f0-4983-b711-6c4c91624b22"},"item":{"id":"e96de10c-6270-4ce1-809d-4ebaa114bee5"},"language":{"id":"00000000-0000-0000-0000-000000000000"},"last_modified":"2020-05-18T11:00:52.396915Z"},{"elements":[{"element":{"id":"6e23a0f4-0581-4686-907a-328431aa913d"},"value":"Contact!"},{"element":{"id":"6969a663-4886-4e65-8947-d1d26db34fe2"},"value":"Contact me"},{"components":[],"element":{"id":"066563f9-fab3-4352-9215-a9bc3750ef6b"},"value":"<p>Morbi in sem quis dui placerat ornare. Pellentesque odio nisi, euismod in, pharetra a, ultricies in, diam. Sed arcu. Cras consequat.</p>\n<p>Mauris placerat eleifend leo. Quisque sit amet est et sapien ullamcorper pharetra. Vestibulum erat wisi, condimentum sed, commodo vitae, ornare sit amet, wisi. Aenean fermentum, elit eget tincidunt condimentum, eros ipsum rutrum orci, sagittis tempus lacus enim ac dui.</p>\n<figure data-asset-id=\"9a23e235-7c91-491e-bf3d-f18da10a5763\"><img src=\"#\" data-asset-id=\"9a23e235-7c91-491e-bf3d-f18da10a5763\"></figure>\n<p><em>Donec eu libero sit amet quam egestas semper. Aenean ultricies mi vitae est. Mauris placerat eleifend leo. Quisque sit amet est et sapien ullamcorper pharetra. Vestibulum erat wisi, condimentum sed, commodo vitae, ornare sit amet, wisi.</em></p>\n<h2>Header Level 2</h2>\n<p>Praesent dapibus, neque id cursus faucibus, tortor neque egestas augue, eu vulputate magna eros eu erat. Aliquam erat volutpat. Nam dui mi, tincidunt quis, accumsan porttitor, facilisis luctus, metus.</p>\n<ul>\n  <li><strong>&nbsp;Lorem ipsum</strong> dolor sit amet, consectetuer adipiscing elit.</li>\n  <li>&nbsp;Aliquam tincidunt mauris eu risus.</li>\n  <li>&nbsp;Vestibulum auctor dapibus neque.</li>\n</ul>\n<h3>Header Level 3</h3>\n<p>Phasellus ultrices nulla quis nibh. Quisque a lectus. Donec **consectetuer** ligula vulputate sem tristique cursus. Nam nulla quam, gravida non, commodo a, sodales sit amet, nisi.</p>\n<p>Pellentesque fermentum dolor. Aliquam quam lectus, facilisis auctor, ultrices ut, elementum vulputate, nunc.</p>\n<h4>Header Level 4</h4>\n<p>Vestibulum tortor quam, feugiat vitae, ultricies eget, tempor sit amet, ante. Donec eu libero sit amet quam egestas semper. Aenean ultricies mi vitae est.&nbsp;</p>"},{"element":{"id":"13c222ad-f29d-42a0-80d5-7ed90eae4212"},"value":[{"id":"4f759cc9-0d71-45a8-bbc7-45d0c72ed00f"}]}],"workflow_step":{"id":"c199950d-99f0-4983-b711-6c4c91624b22"},"item":{"id":"84b9150f-bf5b-4291-bb02-376add6f7bd8"},"language":{"id":"00000000-0000-0000-0000-000000000000"},"last_modified":"2020-02-29T09:01:13.0765111Z"},{"elements":[{"element":{"id":"07f584b8-db9a-4288-94a2-902af84e5190"},"value":"Typography"},{"mode":"autogenerated","element":{"id":"0e300cca-86cf-4fde-adb8-e9596dd4e954"},"value":"typography"}],"workflow_step":{"id":"c199950d-99f0-4983-b711-6c4c91624b22"},"item":{"id":"6fde255d-680b-4470-8ab4-1472afb658d8"},"language":{"id":"00000000-0000-0000-0000-000000000000"},"last_modified":"2020-03-03T13:46:02.5642735Z"},{"elements":[{"element":{"id":"07f584b8-db9a-4288-94a2-902af84e5190"},"value":"Typografie"},{"mode":"autogenerated","element":{"id":"0e300cca-86cf-4fde-adb8-e9596dd4e954"},"value":"typografie"}],"workflow_step":{"id":"c199950d-99f0-4983-b711-6c4c91624b22"},"item":{"id":"6fde255d-680b-4470-8ab4-1472afb658d8"},"language":{"id":"004c598f-c4ec-4d5f-8717-853e104a2a8e"},"last_modified":"2020-04-03T12:36:25.5505628Z"},{"elements":[{"element":{"id":"dd2cf358-0359-4340-82fa-8352a2022efb"},"value":"Open source"},{"mode":"autogenerated","element":{"id":"70cdc258-c179-4f01-a814-330ab3e8a706"},"value":"open-source"}],"workflow_step":{"id":"c199950d-99f0-4983-b711-6c4c91624b22"},"item":{"id":"08925c05-906a-49ee-be3a-6f3647b32cf0"},"language":{"id":"00000000-0000-0000-0000-000000000000"},"last_modified":"2020-03-03T13:45:32.8847855Z"},{"elements":[{"element":{"id":"dd2cf358-0359-4340-82fa-8352a2022efb"},"value":"Gatsby"},{"mode":"autogenerated","element":{"id":"70cdc258-c179-4f01-a814-330ab3e8a706"},"value":"gatsby"}],"workflow_step":{"id":"c199950d-99f0-4983-b711-6c4c91624b22"},"item":{"id":"3e51250a-6bb3-45a5-bde5-9371547050f2"},"language":{"id":"00000000-0000-0000-0000-000000000000"},"last_modified":"2020-03-03T13:45:26.8826689Z"},{"elements":[{"element":{"id":"dd2cf358-0359-4340-82fa-8352a2022efb"},"value":"Typography"},{"mode":"autogenerated","element":{"id":"70cdc258-c179-4f01-a814-330ab3e8a706"},"value":"typography"}],"workflow_step":{"id":"c199950d-99f0-4983-b711-6c4c91624b22"},"item":{"id":"8ac23391-217b-4de3-a247-12bfd3c4955c"},"language":{"id":"00000000-0000-0000-0000-000000000000"},"last_modified":"2020-03-03T13:45:50.9621281Z"},{"elements":[{"element":{"id":"dd2cf358-0359-4340-82fa-8352a2022efb"},"value":"Typografie"},{"mode":"autogenerated","element":{"id":"70cdc258-c179-4f01-a814-330ab3e8a706"},"value":"typografie"}],"workflow_step":{"id":"c199950d-99f0-4983-b711-6c4c91624b22"},"item":{"id":"8ac23391-217b-4de3-a247-12bfd3c4955c"},"language":{"id":"004c598f-c4ec-4d5f-8717-853e104a2a8e"},"last_modified":"2020-04-03T12:36:49.6814112Z"},{"elements":[{"element":{"id":"dd2cf358-0359-4340-82fa-8352a2022efb"},"value":"Design"},{"mode":"autogenerated","element":{"id":"70cdc258-c179-4f01-a814-330ab3e8a706"},"value":"design"}],"workflow_step":{"id":"c199950d-99f0-4983-b711-6c4c91624b22"},"item":{"id":"7ab02f21-82bf-496b-9dc1-c89bb49d6155"},"language":{"id":"00000000-0000-0000-0000-000000000000"},"last_modified":"2020-03-03T15:35:36.8331833Z"},{"elements":[{"element":{"id":"dd2cf358-0359-4340-82fa-8352a2022efb"},"value":"Dizajn"},{"mode":"autogenerated","element":{"id":"70cdc258-c179-4f01-a814-330ab3e8a706"},"value":"dizajn"}],"workflow_step":{"id":"c199950d-99f0-4983-b711-6c4c91624b22"},"item":{"id":"7ab02f21-82bf-496b-9dc1-c89bb49d6155"},"language":{"id":"004c598f-c4ec-4d5f-8717-853e104a2a8e"},"last_modified":"2020-04-03T12:37:28.4688634Z"},{"elements":[{"element":{"id":"dd2cf358-0359-4340-82fa-8352a2022efb"},"value":"Web Development"},{"mode":"autogenerated","element":{"id":"70cdc258-c179-4f01-a814-330ab3e8a706"},"value":"web-development"}],"workflow_step":{"id":"c199950d-99f0-4983-b711-6c4c91624b22"},"item":{"id":"754b163a-9435-475c-b44a-83b9a0a80e78"},"language":{"id":"00000000-0000-0000-0000-000000000000"},"last_modified":"2020-03-03T15:35:58.834289Z"},{"elements":[{"element":{"id":"dd2cf358-0359-4340-82fa-8352a2022efb"},"value":"Web Development"},{"mode":"autogenerated","element":{"id":"70cdc258-c179-4f01-a814-330ab3e8a706"},"value":"web-development"}],"workflow_step":{"id":"c199950d-99f0-4983-b711-6c4c91624b22"},"item":{"id":"754b163a-9435-475c-b44a-83b9a0a80e78"},"language":{"id":"004c598f-c4ec-4d5f-8717-853e104a2a8e"},"last_modified":"2020-04-03T12:37:40.9220285Z"},{"elements":[{"element":{"id":"07f584b8-db9a-4288-94a2-902af84e5190"},"value":"Gatsby"},{"mode":"autogenerated","element":{"id":"0e300cca-86cf-4fde-adb8-e9596dd4e954"},"value":"gatsby"}],"workflow_step":{"id":"7a535a69-ad34-47f8-806a-def1fdf4d391"},"item":{"id":"92b8911b-4645-4987-85d6-fea6f52867ef"},"language":{"id":"00000000-0000-0000-0000-000000000000"},"last_modified":"2020-03-04T14:25:56.7065876Z"},{"elements":[{"element":{"id":"07f584b8-db9a-4288-94a2-902af84e5190"},"value":"Design Inspiration"},{"mode":"autogenerated","element":{"id":"0e300cca-86cf-4fde-adb8-e9596dd4e954"},"value":"design-inspiration"}],"workflow_step":{"id":"c199950d-99f0-4983-b711-6c4c91624b22"},"item":{"id":"e117a7d3-b1fa-4a27-99e3-4a457b51ac65"},"language":{"id":"00000000-0000-0000-0000-000000000000"},"last_modified":"2020-03-14T14:26:27.4797795Z"},{"elements":[{"element":{"id":"dd2cf358-0359-4340-82fa-8352a2022efb"},"value":"Handwriting"},{"mode":"autogenerated","element":{"id":"70cdc258-c179-4f01-a814-330ab3e8a706"},"value":"handwriting"}],"workflow_step":{"id":"c199950d-99f0-4983-b711-6c4c91624b22"},"item":{"id":"3fd30cd9-476c-46b7-80b4-c53bb68e095a"},"language":{"id":"00000000-0000-0000-0000-000000000000"},"last_modified":"2020-03-14T14:26:59.9292801Z"},{"elements":[{"element":{"id":"dd2cf358-0359-4340-82fa-8352a2022efb"},"value":"Learning to write"},{"mode":"autogenerated","element":{"id":"70cdc258-c179-4f01-a814-330ab3e8a706"},"value":"learning-to-write"}],"workflow_step":{"id":"c199950d-99f0-4983-b711-6c4c91624b22"},"item":{"id":"c61aac16-c928-4a6c-b52e-50540be25bb5"},"language":{"id":"00000000-0000-0000-0000-000000000000"},"last_modified":"2020-03-14T14:27:17.8760382Z"},{"elements":[{"element":{"id":"dd2cf358-0359-4340-82fa-8352a2022efb"},"value":"Typefaces"},{"mode":"autogenerated","element":{"id":"70cdc258-c179-4f01-a814-330ab3e8a706"},"value":"typefaces"}],"workflow_step":{"id":"c199950d-99f0-4983-b711-6c4c91624b22"},"item":{"id":"a5493747-1e32-4c58-820c-65819e230c94"},"language":{"id":"00000000-0000-0000-0000-000000000000"},"last_modified":"2020-03-14T14:35:10.5645296Z"},{"elements":[{"element":{"id":"dd2cf358-0359-4340-82fa-8352a2022efb"},"value":"Lettering"},{"mode":"autogenerated","element":{"id":"70cdc258-c179-4f01-a814-330ab3e8a706"},"value":"lettering"}],"workflow_step":{"id":"c199950d-99f0-4983-b711-6c4c91624b22"},"item":{"id":"56537a40-9a47-4139-9c4a-a7a014b37a77"},"language":{"id":"00000000-0000-0000-0000-000000000000"},"last_modified":"2020-03-14T14:35:22.7521029Z"},{"elements":[{"element":{"id":"dd2cf358-0359-4340-82fa-8352a2022efb"},"value":"History"},{"mode":"autogenerated","element":{"id":"70cdc258-c179-4f01-a814-330ab3e8a706"},"value":"history"}],"workflow_step":{"id":"c199950d-99f0-4983-b711-6c4c91624b22"},"item":{"id":"bd94c620-15e4-48a9-aaa6-365552672685"},"language":{"id":"00000000-0000-0000-0000-000000000000"},"last_modified":"2020-03-14T14:35:39.5802348Z"},{"elements":[{"element":{"id":"616122e8-9260-4272-abc5-5c9bdc261620"},"value":"Home page"},{"element":{"id":"576128ed-80ad-4ffd-9302-c813ce898de0"},"value":[{"id":"1c1852ef-fe89-4120-89b0-fbf79754f9f1"}]},{"element":{"id":"89747012-1ecc-4363-8c4c-514b0a4cd081"},"value":[]}],"workflow_step":{"id":"c199950d-99f0-4983-b711-6c4c91624b22"},"item":{"id":"5ee57362-fd94-4885-ad58-a1875b9d227c"},"language":{"id":"00000000-0000-0000-0000-000000000000"},"last_modified":"2020-08-31T11:25:32.7247754Z"}]